{
	"class_name" : "PinholeCameraParameters",
	"extrinsic" : 
	[
		-0.34763985486892029,
		-0.24160901621753589,
		-0.9059644665157186,
		0.0,
		0.20284894191900255,
		-0.96272730667080175,
		0.1789090264707883,
		0.0,
		-0.91542276466617178,
		-0.12157802545188245,
		0.38369251446720232,
		0.0,
		89.640936006903644,
		-0.033637494965510939,
		1058.3087303677157,
		1.0
	],
	"intrinsic" : 
	{
		"height" : 1052,
		"intrinsic_matrix" : 
		[
			911.05872478122956,
			0.0,
			0.0,
			0.0,
			911.05872478122956,
			0.0,
			959.5,
			525.5,
			1.0
		],
		"width" : 1920
	},
	"version_major" : 1,
	"version_minor" : 0
}