{
	"class_name" : "PinholeCameraParameters",
	"extrinsic" : 
	[
		0.1305537068462149,
		-0.04384520896502421,
		-0.99047126524676421,
		0.0,
		-0.0056510702420201767,
		-0.99903833328782254,
		0.043479581720728466,
		0.0,
		-0.99142513334786531,
		-7.9197873151965262e-05,
		-0.1306759300478269,
		0.0,
		77.489000968511846,
		-16.740349540066664,
		729.02040598763665,
		1.0
	],
	"intrinsic" : 
	{
		"height" : 1025,
		"intrinsic_matrix" : 
		[
			887.67603887904966,
			0.0,
			0.0,
			0.0,
			887.67603887904966,
			0.0,
			959.5,
			512.0,
			1.0
		],
		"width" : 1920
	},
	"version_major" : 1,
	"version_minor" : 0
}